[
  {
    "id": "spec-driven-feature",
    "title": "Spec-driven feature development",
    "type": "skill",
    "description": "Create a detailed spec first, get approval, then implement. Ona breaks down complex features into reviewable steps before writing code.",
    "content": "I need to build [feature description].\n\nFirst, create a spec.md with:\n- Problem statement and user impact\n- Technical approach and architecture decisions\n- API contracts and data models\n- Edge cases and error handling\n- Testing strategy\n\nWait for my approval before implementing. Once approved, implement the feature following the spec exactly, with tests and documentation.",
    "tags": {
      "category": "code-development",
      "persona": ["developer", "tech-lead"],
      "complexity": "intermediate"
    },
    "requirements": [],
    "exampleOutput": "Created spec.md with 5 sections. Awaiting approval. [After approval] Implemented feature with 12 files, 94% test coverage.",
    "featured": true
  },
  {
    "id": "linear-sprint-standup",
    "title": "Generate sprint standup from Linear",
    "type": "tool",
    "description": "Pull your assigned issues from Linear and generate a formatted standup update with blockers and progress.",
    "content": "Check Linear for my assigned issues in the current sprint.\n\nGenerate a standup update with:\n- What I completed yesterday (issues moved to Done)\n- What I'm working on today (In Progress issues)\n- Any blockers (issues with blocker labels or stale for 3+ days)\n\nFormat it for Slack with issue links.",
    "tags": {
      "category": "project-management",
      "persona": ["developer"],
      "complexity": "beginner"
    },
    "requirements": ["Linear integration"],
    "exampleOutput": "Yesterday: Completed DEV-234 (auth fix), DEV-245 (API endpoint)\nToday: Working on DEV-256 (dashboard redesign)\nBlockers: DEV-267 waiting on design review",
    "featured": true
  },
  {
    "id": "sentry-error-investigation",
    "title": "Investigate Sentry error and fix",
    "type": "tool",
    "description": "Pull error details from Sentry, trace to source code, identify root cause, and create a fix with tests.",
    "content": "Investigate Sentry issue [ISSUE_ID or paste error].\n\n1. Pull the full stack trace and error context from Sentry\n2. Find the source code location and recent changes (git blame)\n3. Identify the root cause\n4. Create a fix with appropriate error handling\n5. Add a regression test\n6. Create a PR with the fix",
    "tags": {
      "category": "debugging",
      "persona": ["developer", "devops"],
      "complexity": "intermediate"
    },
    "requirements": ["Sentry integration"],
    "exampleOutput": "Sentry issue PROJ-1234: NullPointerException in UserService.ts:45. Root cause: user.profile accessed before null check. Created PR #567 with fix and test.",
    "featured": true
  },
  {
    "id": "pr-review-enterprise",
    "title": "Enterprise code review with standards",
    "type": "prompt",
    "description": "Review PR against your team's coding standards, security policies, and architectural guidelines. Ona uses your team's specs for consistent reviews.",
    "content": "Review this PR following our team standards:\n\n1. Check against our coding standards in CONTRIBUTING.md\n2. Verify security best practices (no secrets, proper auth, input validation)\n3. Ensure architectural consistency with existing patterns\n4. Check test coverage meets our 80% threshold\n5. Verify documentation is updated\n6. Flag any breaking changes\n\nLeave inline comments for issues and approve if standards are met.",
    "tags": {
      "category": "code-review",
      "persona": ["developer", "tech-lead"],
      "complexity": "intermediate"
    },
    "requirements": [],
    "exampleOutput": "Review complete: 2 security suggestions (line 45, 78), 1 test coverage gap, 1 doc update needed. Left inline comments.",
    "featured": false
  },
  {
    "id": "multi-repo-dependency-update",
    "title": "Update dependency across all repos",
    "type": "skill",
    "description": "Update a specific dependency across multiple repositories in parallel, handling breaking changes and running tests.",
    "content": "Update [package-name] from [old-version] to [new-version] across all repositories that use it.\n\nFor each repo:\n1. Check if the package is used\n2. Update the dependency\n3. Apply any migration steps from the changelog\n4. Run the test suite\n5. Create a PR if tests pass\n\nProvide a summary of all repos updated and any that failed.",
    "tags": {
      "category": "migrations",
      "persona": ["tech-lead", "devops"],
      "complexity": "advanced"
    },
    "requirements": ["Multi-repo access"],
    "exampleOutput": "Updated lodash 4.17.15 to 4.17.21 across 34 repositories. 32 PRs created (tests passing), 2 repos need manual migration (breaking changes in date handling).",
    "featured": false
  },
  {
    "id": "cve-remediation-parallel",
    "title": "Remediate CVE across codebase",
    "type": "skill",
    "description": "Scan for a specific CVE, patch affected repos in parallel, run tests, and create PRs. Goes beyond bumping versions to actually migrate code.",
    "content": "Remediate [CVE-ID] across all affected repositories.\n\n1. Scan all repos for the vulnerable package/version\n2. For each affected repo:\n   - Update to the patched version\n   - Apply any required code migrations\n   - Run the full test suite\n   - Create a PR with detailed changelog\n3. Generate a compliance report of all remediations",
    "tags": {
      "category": "cve-remediation",
      "persona": ["security-engineer", "devops"],
      "complexity": "advanced"
    },
    "requirements": ["Multi-repo access"],
    "exampleOutput": "CVE-2024-1234 remediated in 47 repositories. 45 PRs created (auto-mergeable), 2 require manual review (breaking API changes). Compliance report generated.",
    "featured": false
  },
  {
    "id": "java-version-migration",
    "title": "Migrate Java 8 to Java 17",
    "type": "skill",
    "description": "Upgrade Java version across services, handling deprecated APIs, new language features, and build configuration changes.",
    "content": "Migrate this service from Java 8 to Java 17:\n\n1. Update build.gradle/pom.xml for Java 17\n2. Replace deprecated APIs (javax to jakarta, etc.)\n3. Update to compatible library versions\n4. Apply new language features where beneficial (records, sealed classes)\n5. Update Dockerfile and CI configuration\n6. Run full test suite and fix any failures\n7. Document breaking changes",
    "tags": {
      "category": "migrations",
      "persona": ["developer", "tech-lead"],
      "complexity": "advanced"
    },
    "requirements": [],
    "exampleOutput": "Migrated to Java 17: Updated 156 files, replaced 23 deprecated APIs, updated 12 dependencies. All 234 tests passing. Created migration notes.",
    "featured": false
  },
  {
    "id": "gitlab-to-github-migration",
    "title": "GitLab to GitHub repository migration",
    "type": "skill",
    "description": "Migrate repository from GitLab to GitHub including CI/CD pipelines, issues, and branch protections.",
    "content": "Migrate this repository from GitLab to GitHub:\n\n1. Convert .gitlab-ci.yml to GitHub Actions workflows\n2. Migrate CI/CD secrets and variables\n3. Update any GitLab-specific URLs in code and docs\n4. Set up equivalent branch protection rules\n5. Configure GitHub-specific features (Dependabot, code scanning)\n6. Create migration checklist and verify all features work",
    "tags": {
      "category": "migrations",
      "persona": ["devops", "tech-lead"],
      "complexity": "advanced"
    },
    "requirements": ["GitHub access", "GitLab access"],
    "exampleOutput": "Migration complete: Converted 3 CI pipelines to GitHub Actions, migrated 12 secrets, updated 45 URLs. Branch protections configured. Dependabot enabled.",
    "featured": false
  },
  {
    "id": "dora-metrics-report",
    "title": "Generate DORA metrics report",
    "type": "tool",
    "description": "Calculate DORA metrics (deployment frequency, lead time, MTTR, change failure rate) from your Git and CI/CD data.",
    "content": "Generate a DORA metrics report for the last [quarter/month]:\n\n1. Deployment Frequency: Count production deployments\n2. Lead Time for Changes: Time from commit to production\n3. Mean Time to Recovery: Time to resolve incidents\n4. Change Failure Rate: Percentage of deployments causing incidents\n\nCompare to previous period and industry benchmarks. Identify areas for improvement.",
    "tags": {
      "category": "documentation",
      "persona": ["tech-lead", "devops"],
      "complexity": "intermediate"
    },
    "requirements": ["CI/CD access", "Incident tracking access"],
    "exampleOutput": "Q4 DORA Report: Deployment Frequency: 12/day (Elite), Lead Time: 2.3 days (High), MTTR: 1.2 hours (Elite), Change Failure Rate: 8% (High). Recommendation: Focus on reducing lead time.",
    "featured": false
  },
  {
    "id": "observability-standardization",
    "title": "Add observability to service",
    "type": "prompt",
    "description": "Add standardized logging, metrics, and tracing to a service following your organization's observability patterns.",
    "content": "Add observability to this service following our standards:\n\n1. Structured logging with correlation IDs\n2. Prometheus metrics for key operations (latency, error rate, throughput)\n3. OpenTelemetry tracing for distributed requests\n4. Health check endpoints (/health, /ready)\n5. Dashboards and alerts configuration\n\nFollow the patterns in our observability-template repo.",
    "tags": {
      "category": "code-development",
      "persona": ["developer", "devops"],
      "complexity": "intermediate"
    },
    "requirements": [],
    "exampleOutput": "Added observability: 12 structured log points, 8 Prometheus metrics, OpenTelemetry tracing configured, health endpoints added. Grafana dashboard template created.",
    "featured": false
  },
  {
    "id": "api-client-generation",
    "title": "Generate typed API client from OpenAPI",
    "type": "prompt",
    "description": "Generate a fully typed API client from an OpenAPI spec with error handling, retries, and authentication.",
    "content": "Generate a TypeScript API client from this OpenAPI spec:\n\n1. Create typed request/response interfaces\n2. Implement all endpoints with proper HTTP methods\n3. Add authentication header injection\n4. Include retry logic with exponential backoff\n5. Add request/response logging\n6. Generate usage examples and documentation",
    "tags": {
      "category": "code-development",
      "persona": ["developer"],
      "complexity": "intermediate"
    },
    "requirements": [],
    "exampleOutput": "Generated ApiClient with 24 typed endpoints, auth middleware, retry logic (3 attempts, exponential backoff), and JSDoc documentation.",
    "featured": false
  },
  {
    "id": "incident-postmortem",
    "title": "Generate incident postmortem",
    "type": "tool",
    "description": "Gather incident data from PagerDuty/Slack, analyze the timeline, and generate a blameless postmortem document.",
    "content": "Generate a postmortem for incident [INCIDENT_ID]:\n\n1. Pull timeline from PagerDuty/alerting system\n2. Gather relevant Slack threads and decisions\n3. Identify root cause from logs and code changes\n4. Document impact (duration, affected users, revenue)\n5. List action items to prevent recurrence\n6. Format as our standard postmortem template",
    "tags": {
      "category": "documentation",
      "persona": ["devops", "tech-lead"],
      "complexity": "intermediate"
    },
    "requirements": ["PagerDuty integration", "Slack integration"],
    "exampleOutput": "Postmortem generated: 45-minute outage, root cause: database connection pool exhaustion. 3 action items: increase pool size, add connection monitoring, update runbook.",
    "featured": false
  },
  {
    "id": "backstage-catalog-generation",
    "title": "Generate Backstage catalog entries",
    "type": "skill",
    "description": "Analyze repositories and generate Backstage catalog-info.yaml files with accurate metadata, ownership, and dependencies.",
    "content": "Generate Backstage catalog entries for all repositories:\n\n1. Analyze each repo's structure and purpose\n2. Identify the owning team from CODEOWNERS or git history\n3. Detect dependencies and downstream consumers\n4. Generate catalog-info.yaml with:\n   - Component metadata\n   - API definitions\n   - Documentation links\n   - Team ownership\n5. Create PRs for each repo",
    "tags": {
      "category": "documentation",
      "persona": ["devops", "tech-lead"],
      "complexity": "intermediate"
    },
    "requirements": ["Multi-repo access"],
    "exampleOutput": "Generated catalog-info.yaml for 89 repositories. Identified 12 APIs, 45 services, 32 libraries. Created PRs with ownership mapped to 8 teams.",
    "featured": false
  },
  {
    "id": "compliance-audit-prep",
    "title": "Prepare compliance audit documentation",
    "type": "skill",
    "description": "Gather evidence for SOC2/ISO27001 audits by documenting access controls, change management, and security practices.",
    "content": "Prepare documentation for [SOC2/ISO27001] audit:\n\n1. Document access control policies and current permissions\n2. Generate change management evidence (PR reviews, approvals)\n3. List security scanning results and remediation status\n4. Document incident response procedures and recent incidents\n5. Verify encryption at rest and in transit\n6. Generate audit-ready report with evidence links",
    "tags": {
      "category": "documentation",
      "persona": ["security-engineer", "tech-lead"],
      "complexity": "advanced"
    },
    "requirements": ["Repository access", "Security tool access"],
    "exampleOutput": "Audit prep complete: 156 PRs with required approvals, 0 critical vulnerabilities open, encryption verified on 12 services. Report generated with 45 evidence links.",
    "featured": false
  },
  {
    "id": "legacy-code-documentation",
    "title": "Document legacy codebase",
    "type": "prompt",
    "description": "Analyze undocumented legacy code and generate comprehensive documentation including architecture diagrams and API docs.",
    "content": "Document this legacy codebase:\n\n1. Analyze the code structure and identify key components\n2. Generate architecture overview with component relationships\n3. Document all public APIs with parameters and return types\n4. Identify and document business logic and domain concepts\n5. Create onboarding guide for new developers\n6. Add inline comments for complex or non-obvious code",
    "tags": {
      "category": "documentation",
      "persona": ["developer", "tech-lead"],
      "complexity": "intermediate"
    },
    "requirements": [],
    "exampleOutput": "Generated: Architecture diagram (12 components), API documentation (34 endpoints), onboarding guide (8 sections), 156 inline comments added.",
    "featured": false
  },
  {
    "id": "test-coverage-improvement",
    "title": "Improve test coverage to target",
    "type": "prompt",
    "description": "Analyze coverage gaps and generate tests to reach your target coverage percentage, prioritizing critical paths.",
    "content": "Improve test coverage to [target]% (currently [current]%):\n\n1. Analyze current coverage report\n2. Identify untested critical paths (auth, payments, data mutations)\n3. Generate unit tests for uncovered functions\n4. Add integration tests for untested API endpoints\n5. Prioritize tests by risk and complexity\n6. Run full suite and verify coverage target is met",
    "tags": {
      "category": "code-development",
      "persona": ["developer"],
      "complexity": "intermediate"
    },
    "requirements": [],
    "exampleOutput": "Coverage improved from 62% to 85%. Added 47 unit tests, 12 integration tests. Critical paths now at 95% coverage.",
    "featured": false
  }
]
